﻿<?xml version="1.0" encoding="UTF-8" standalone="yes"?>
<addon id="repository.anphunl" name="Anphunl Repository" version="1.0.0" provider-name="Anphunl">
	<requires>
		<import addon="xbmc.addon" version="12.0.0"/>
	</requires>
	<extension point="xbmc.addon.repository"
		name="Anphunl Repository">
		<info compressed="true">https://raw.github.com/anphunl/kodi/master/addons.xml</info>
		<checksum>https://raw.github.com/anphunl/kodi/master/addons.xml.md5</checksum>
		<datadir zip="true">https://raw.github.com/anphunl/kodi/master/files/</datadir>
	</extension>
	<extension point="xbmc.addon.metadata">
		<summary lang="en">Install add-on from Anphunl's repository</summary>
		<description lang="en"></description>
		<disclaimer lang="en"></disclaimer>
		<platform>all</platform>
	</extension>
</addon>